{
  "engine": "real_pyqlib_0.9.7",
  "thresholds": {
    "spearman": 0.85,
    "annual_deviation": 0.15,
    "topk_overlap": 0.8
  },
  "scenarios": [
    {
      "name": "趋势跟踪",
      "n_strategies": 8,
      "spearman": 0.9523809523809524,
      "mean_annual_deviation": 0.06614719379451464,
      "median_annual_deviation": 0.07132281519139919,
      "top10_overlap": 1.0,
      "top20_overlap": 1.0,
      "pass_spearman": true,
      "pass_deviation": true,
      "pass_topk": true,
      "vec_returns": [
        0.4753107261411198,
        0.9366050691958729,
        0.6509701129945593,
        0.8905313051736721,
        0.9254429472529304,
        0.4813039277725577,
        0.6911806728643202,
        0.8459179379352557
      ],
      "qlib_returns": [
        0.49030469705379787,
        0.8610247593103091,
        0.6076458398157709,
        0.8312257806384624,
        0.921721402050907,
        0.43610915584900467,
        0.6755470235995513,
        0.7437557183814159
      ],
      "strategy_labels": [
        "{'lookback': 5, 'topk': 5}",
        "{'lookback': 10, 'topk': 5}",
        "{'lookback': 15, 'topk': 5}",
        "{'lookback': 20, 'topk': 5}",
        "{'lookback': 30, 'topk': 5}",
        "{'lookback': 40, 'topk': 5}",
        "{'lookback': 60, 'topk': 5}",
        "{'lookback': 90, 'topk': 5}"
      ],
      "errors": []
    },
    {
      "name": "均值回归",
      "n_strategies": 8,
      "spearman": 0.9761904761904763,
      "mean_annual_deviation": 0.14590468770700124,
      "median_annual_deviation": 0.13674022515617673,
      "top10_overlap": 1.0,
      "top20_overlap": 1.0,
      "pass_spearman": true,
      "pass_deviation": true,
      "pass_topk": true,
      "vec_returns": [
        -0.03539483979767277,
        -0.11315863289324046,
        -0.3344157515639764,
        -0.22085841072674994,
        -0.25275299153689146,
        -0.3143567243476493,
        -0.28212086722335794,
        -0.28777590486969784
      ],
      "qlib_returns": [
        -0.027002910705114513,
        -0.08554921472787624,
        -0.3272849894439369,
        -0.2105182098318985,
        -0.2245501246302154,
        -0.28293031120455303,
        -0.24577487923048102,
        -0.23564878077015072
      ],
      "strategy_labels": [
        "{'lookback': 3, 'topk': 5}",
        "{'lookback': 5, 'topk': 5}",
        "{'lookback': 7, 'topk': 5}",
        "{'lookback': 10, 'topk': 5}",
        "{'lookback': 15, 'topk': 5}",
        "{'lookback': 20, 'topk': 5}",
        "{'lookback': 25, 'topk': 5}",
        "{'lookback': 30, 'topk': 5}"
      ],
      "errors": []
    },
    {
      "name": "多因子",
      "n_strategies": 24,
      "spearman": 0.997391304347826,
      "mean_annual_deviation": 0.16846890738797415,
      "median_annual_deviation": 0.11764587016263289,
      "top10_overlap": 1.0,
      "top20_overlap": 1.0,
      "pass_spearman": true,
      "pass_deviation": true,
      "pass_topk": true,
      "vec_returns": [
        0.43802188344151505,
        0.6533233383705899,
        0.13098303038572578,
        0.018202669473597943,
        0.8204803161268068,
        -0.17436175480779403,
        0.18974421499770067,
        -0.20582187856071266,
        0.1776673737442218,
        0.40674403991328045,
        -0.1174443211662698,
        -0.024149002276150244,
        0.7183625313326953,
        -0.1411761111403237,
        0.19224975840707104,
        -0.1463520465244933,
        0.24163250804906333,
        0.36079741309575764,
        -0.03216635043622307,
        0.00029800637743537806,
        0.520933473258137,
        -0.3473372913203159,
        0.28329276254292357,
        -0.3357434765186196
      ],
      "qlib_returns": [
        0.40049008070631076,
        0.5906381491024473,
        0.06478053450012289,
        0.006751092881492005,
        0.7215127152832463,
        -0.17341228174048662,
        0.16066417415224188,
        -0.20690804347103486,
        0.14095217050012732,
        0.35874694925379735,
        -0.11834216675025855,
        -0.031153351811553875,
        0.6452147494447014,
        -0.11541054254139138,
        0.19963324804819904,
        -0.1304476042725663,
        0.24104968816669015,
        0.312573378113461,
        -0.019895150086752467,
        0.029138727335976444,
        0.483709429739698,
        -0.323708206322218,
        0.29436304092236276,
        -0.3168684652518271
      ],
      "strategy_labels": [
        "{'lookback': 10, 'topk': 5, 'w_mom': 0.5, 'w_rev': 0.3, 'w_vol': 0.2}",
        "{'lookback': 10, 'topk': 5, 'w_mom': 0.6, 'w_rev': 0.2, 'w_vol': 0.2}",
        "{'lookback': 10, 'topk': 5, 'w_mom': 0.4, 'w_rev': 0.4, 'w_vol': 0.2}",
        "{'lookback': 10, 'topk': 5, 'w_mom': 0.3, 'w_rev': 0.3, 'w_vol': 0.4}",
        "{'lookback': 10, 'topk': 5, 'w_mom': 0.7, 'w_rev': 0.2, 'w_vol': 0.1}",
        "{'lookback': 10, 'topk': 5, 'w_mom': 0.2, 'w_rev': 0.5, 'w_vol': 0.3}",
        "{'lookback': 10, 'topk': 5, 'w_mom': 0.5, 'w_rev': 0.5, 'w_vol': 0.0}",
        "{'lookback': 10, 'topk': 5, 'w_mom': 0.0, 'w_rev': 0.5, 'w_vol': 0.5}",
        "{'lookback': 20, 'topk': 5, 'w_mom': 0.5, 'w_rev': 0.3, 'w_vol': 0.2}",
        "{'lookback': 20, 'topk': 5, 'w_mom': 0.6, 'w_rev': 0.2, 'w_vol': 0.2}",
        "{'lookback': 20, 'topk': 5, 'w_mom': 0.4, 'w_rev': 0.4, 'w_vol': 0.2}",
        "{'lookback': 20, 'topk': 5, 'w_mom': 0.3, 'w_rev': 0.3, 'w_vol': 0.4}",
        "{'lookback': 20, 'topk': 5, 'w_mom': 0.7, 'w_rev': 0.2, 'w_vol': 0.1}",
        "{'lookback': 20, 'topk': 5, 'w_mom': 0.2, 'w_rev': 0.5, 'w_vol': 0.3}",
        "{'lookback': 20, 'topk': 5, 'w_mom': 0.5, 'w_rev': 0.5, 'w_vol': 0.0}",
        "{'lookback': 20, 'topk': 5, 'w_mom': 0.0, 'w_rev': 0.5, 'w_vol': 0.5}",
        "{'lookback': 30, 'topk': 5, 'w_mom': 0.5, 'w_rev': 0.3, 'w_vol': 0.2}",
        "{'lookback': 30, 'topk': 5, 'w_mom': 0.6, 'w_rev': 0.2, 'w_vol': 0.2}",
        "{'lookback': 30, 'topk': 5, 'w_mom': 0.4, 'w_rev': 0.4, 'w_vol': 0.2}",
        "{'lookback': 30, 'topk': 5, 'w_mom': 0.3, 'w_rev': 0.3, 'w_vol': 0.4}",
        "{'lookback': 30, 'topk': 5, 'w_mom': 0.7, 'w_rev': 0.2, 'w_vol': 0.1}",
        "{'lookback': 30, 'topk': 5, 'w_mom': 0.2, 'w_rev': 0.5, 'w_vol': 0.3}",
        "{'lookback': 30, 'topk': 5, 'w_mom': 0.5, 'w_rev': 0.5, 'w_vol': 0.0}",
        "{'lookback': 30, 'topk': 5, 'w_mom': 0.0, 'w_rev': 0.5, 'w_vol': 0.5}"
      ],
      "errors": []
    }
  ],
  "all_pass": true,
  "mock_comparison": [
    {
      "name": "趋势跟踪",
      "mock_spearman": 1.0,
      "real_spearman": 0.9523809523809524,
      "mock_deviation": 0.0,
      "real_deviation": 0.06614719379451464,
      "mock_top10": 1.0,
      "real_top10": 1.0
    },
    {
      "name": "均值回归",
      "mock_spearman": 1.0,
      "real_spearman": 0.9761904761904763,
      "mock_deviation": 0.0,
      "real_deviation": 0.14590468770700124,
      "mock_top10": 1.0,
      "real_top10": 1.0
    },
    {
      "name": "多因子",
      "mock_spearman": 0.9999999999999999,
      "real_spearman": 0.997391304347826,
      "mock_deviation": 0.0,
      "real_deviation": 0.16846890738797415,
      "mock_top10": 1.0,
      "real_top10": 1.0
    }
  ]
}