{
  "engine": "real_pyqlib_0.9.7",
  "thresholds": {
    "spearman": 0.85,
    "annual_deviation": 0.2,
    "topk_overlap": 0.8
  },
  "scenarios": [
    {
      "name": "趋势跟踪",
      "n_strategies": 16,
      "spearman": 0.9852941176470588,
      "mean_annual_deviation": 0.052800229144266644,
      "median_annual_deviation": 0.05029067260691923,
      "top10_overlap": 1.0,
      "top20_overlap": 1.0,
      "pass_spearman": true,
      "pass_deviation": true,
      "pass_topk": true,
      "vec_returns": [
        0.4753107261411198,
        0.9366050691958729,
        0.6509701129945593,
        0.8905313051736721,
        0.9254429472529304,
        0.4813039277725577,
        0.6911806728643202,
        0.8459179379352557,
        0.27001487064448604,
        0.361376557689719,
        0.3500120608508923,
        0.439540926303188,
        0.4643770792132793,
        0.3110832495327751,
        0.12281012018338888,
        0.31550450520439255
      ],
      "qlib_returns": [
        0.4903046970537992,
        0.8610247593103086,
        0.6076458398157689,
        0.8312257806384609,
        0.921721402050907,
        0.436109155849006,
        0.6755470235995507,
        0.7437557183814152,
        0.2517621187249153,
        0.34801142387213746,
        0.33525540097690487,
        0.4160092893868894,
        0.4569547241364966,
        0.3163056888967124,
        0.11482305154420835,
        0.31492917409909404
      ],
      "strategy_labels": [
        "{'lookback': 5, 'topk': 5}",
        "{'lookback': 10, 'topk': 5}",
        "{'lookback': 15, 'topk': 5}",
        "{'lookback': 20, 'topk': 5}",
        "{'lookback': 30, 'topk': 5}",
        "{'lookback': 40, 'topk': 5}",
        "{'lookback': 60, 'topk': 5}",
        "{'lookback': 90, 'topk': 5}",
        "{'lookback': 5, 'topk': 10}",
        "{'lookback': 10, 'topk': 10}",
        "{'lookback': 15, 'topk': 10}",
        "{'lookback': 20, 'topk': 10}",
        "{'lookback': 30, 'topk': 10}",
        "{'lookback': 40, 'topk': 10}",
        "{'lookback': 60, 'topk': 10}",
        "{'lookback': 90, 'topk': 10}"
      ],
      "errors": []
    },
    {
      "name": "均值回归",
      "n_strategies": 16,
      "spearman": 0.976470588235294,
      "mean_annual_deviation": 0.18572260803004503,
      "median_annual_deviation": 0.15786091609630792,
      "top10_overlap": 1.0,
      "top20_overlap": 1.0,
      "pass_spearman": true,
      "pass_deviation": true,
      "pass_topk": true,
      "vec_returns": [
        -0.03539483979767277,
        -0.11315863289324046,
        -0.3344157515639764,
        -0.22085841072674994,
        -0.25275299153689146,
        -0.3143567243476493,
        -0.28212086722335794,
        -0.28777590486969784,
        -0.015802633079539774,
        -0.005365932331051648,
        -0.09071365147143995,
        -0.14229739116202522,
        -0.09074074708227808,
        -0.14219500013463426,
        -0.08695871775328046,
        -0.10801357464397898
      ],
      "qlib_returns": [
        -0.027002910705113625,
        -0.08554921472787624,
        -0.32728498944393636,
        -0.2105182098318985,
        -0.2245501246302154,
        -0.28293031120455325,
        -0.24577487923048125,
        -0.23564878077015017,
        -0.010664514902334221,
        -0.0254243283642952,
        -0.09665663498159882,
        -0.12588123142916885,
        -0.07432771340983968,
        -0.11850453022076401,
        -0.06154165985898363,
        -0.08473241126196007
      ],
      "strategy_labels": [
        "{'lookback': 3, 'topk': 5}",
        "{'lookback': 5, 'topk': 5}",
        "{'lookback': 7, 'topk': 5}",
        "{'lookback': 10, 'topk': 5}",
        "{'lookback': 15, 'topk': 5}",
        "{'lookback': 20, 'topk': 5}",
        "{'lookback': 25, 'topk': 5}",
        "{'lookback': 30, 'topk': 5}",
        "{'lookback': 3, 'topk': 10}",
        "{'lookback': 5, 'topk': 10}",
        "{'lookback': 7, 'topk': 10}",
        "{'lookback': 10, 'topk': 10}",
        "{'lookback': 15, 'topk': 10}",
        "{'lookback': 20, 'topk': 10}",
        "{'lookback': 25, 'topk': 10}",
        "{'lookback': 30, 'topk': 10}"
      ],
      "errors": []
    },
    {
      "name": "多因子",
      "n_strategies": 24,
      "spearman": 0.997391304347826,
      "mean_annual_deviation": 0.16846890738797413,
      "median_annual_deviation": 0.11764587016263328,
      "top10_overlap": 1.0,
      "top20_overlap": 1.0,
      "pass_spearman": true,
      "pass_deviation": true,
      "pass_topk": true,
      "vec_returns": [
        0.43802188344151505,
        0.6533233383705899,
        0.13098303038572578,
        0.018202669473597943,
        0.8204803161268068,
        -0.17436175480779403,
        0.18974421499770067,
        -0.20582187856071266,
        0.1776673737442218,
        0.40674403991328045,
        -0.1174443211662698,
        -0.024149002276150244,
        0.7183625313326953,
        -0.1411761111403237,
        0.19224975840707104,
        -0.1463520465244933,
        0.24163250804906333,
        0.36079741309575764,
        -0.03216635043622307,
        0.00029800637743537806,
        0.520933473258137,
        -0.3473372913203159,
        0.28329276254292357,
        -0.3357434765186196
      ],
      "qlib_returns": [
        0.4004900807063094,
        0.5906381491024484,
        0.06478053450012289,
        0.0067510928814913385,
        0.7215127152832459,
        -0.17341228174048662,
        0.16066417415224366,
        -0.20690804347103486,
        0.14095217050012754,
        0.358746949253798,
        -0.1183421667502591,
        -0.031153351811553764,
        0.6452147494447009,
        -0.11541054254139149,
        0.19963324804819949,
        -0.1304476042725663,
        0.2410496881666908,
        0.31257337811346053,
        -0.01989515008675269,
        0.029138727335976444,
        0.48370942973969755,
        -0.323708206322218,
        0.29436304092236276,
        -0.3168684652518269
      ],
      "strategy_labels": [
        "{'lookback': 10, 'topk': 5, 'w_mom': 0.5, 'w_rev': 0.3, 'w_vol': 0.2}",
        "{'lookback': 10, 'topk': 5, 'w_mom': 0.6, 'w_rev': 0.2, 'w_vol': 0.2}",
        "{'lookback': 10, 'topk': 5, 'w_mom': 0.4, 'w_rev': 0.4, 'w_vol': 0.2}",
        "{'lookback': 10, 'topk': 5, 'w_mom': 0.3, 'w_rev': 0.3, 'w_vol': 0.4}",
        "{'lookback': 10, 'topk': 5, 'w_mom': 0.7, 'w_rev': 0.2, 'w_vol': 0.1}",
        "{'lookback': 10, 'topk': 5, 'w_mom': 0.2, 'w_rev': 0.5, 'w_vol': 0.3}",
        "{'lookback': 10, 'topk': 5, 'w_mom': 0.5, 'w_rev': 0.5, 'w_vol': 0.0}",
        "{'lookback': 10, 'topk': 5, 'w_mom': 0.0, 'w_rev': 0.5, 'w_vol': 0.5}",
        "{'lookback': 20, 'topk': 5, 'w_mom': 0.5, 'w_rev': 0.3, 'w_vol': 0.2}",
        "{'lookback': 20, 'topk': 5, 'w_mom': 0.6, 'w_rev': 0.2, 'w_vol': 0.2}",
        "{'lookback': 20, 'topk': 5, 'w_mom': 0.4, 'w_rev': 0.4, 'w_vol': 0.2}",
        "{'lookback': 20, 'topk': 5, 'w_mom': 0.3, 'w_rev': 0.3, 'w_vol': 0.4}",
        "{'lookback': 20, 'topk': 5, 'w_mom': 0.7, 'w_rev': 0.2, 'w_vol': 0.1}",
        "{'lookback': 20, 'topk': 5, 'w_mom': 0.2, 'w_rev': 0.5, 'w_vol': 0.3}",
        "{'lookback': 20, 'topk': 5, 'w_mom': 0.5, 'w_rev': 0.5, 'w_vol': 0.0}",
        "{'lookback': 20, 'topk': 5, 'w_mom': 0.0, 'w_rev': 0.5, 'w_vol': 0.5}",
        "{'lookback': 30, 'topk': 5, 'w_mom': 0.5, 'w_rev': 0.3, 'w_vol': 0.2}",
        "{'lookback': 30, 'topk': 5, 'w_mom': 0.6, 'w_rev': 0.2, 'w_vol': 0.2}",
        "{'lookback': 30, 'topk': 5, 'w_mom': 0.4, 'w_rev': 0.4, 'w_vol': 0.2}",
        "{'lookback': 30, 'topk': 5, 'w_mom': 0.3, 'w_rev': 0.3, 'w_vol': 0.4}",
        "{'lookback': 30, 'topk': 5, 'w_mom': 0.7, 'w_rev': 0.2, 'w_vol': 0.1}",
        "{'lookback': 30, 'topk': 5, 'w_mom': 0.2, 'w_rev': 0.5, 'w_vol': 0.3}",
        "{'lookback': 30, 'topk': 5, 'w_mom': 0.5, 'w_rev': 0.5, 'w_vol': 0.0}",
        "{'lookback': 30, 'topk': 5, 'w_mom': 0.0, 'w_rev': 0.5, 'w_vol': 0.5}"
      ],
      "errors": []
    }
  ],